Topic 1,Topic 2,Topic 3,Topic 4,Topic 5,Topic 6,Topic 7,Topic 8,Topic 9,Topic 10,Topic 11,Topic 12,Topic 13,Topic 14,Topic 15,Topic 16,Topic 17,Topic 18,Topic 19,Topic 20,Topic 21,Topic 22,Topic 23,Topic 24,Topic 25,Topic 26,Topic 27,Topic 28
iphone,公司,運動,桃園,記者,柯文哲,youtube,健康,電話,nba,社會,警方,拍攝,保養,愛情,記者,www,記者,小組,玩家,國際,人類,image,正確,科技,駕駛,https,記者
google,幾年,項目,台中,電影,賴清德,kpopn,運動,韓國,球員,buzzorange,男子,相機,肌膚,view,line,基金會,投手,ptt,遊戲,中國,nasa,中,擊球,國際,車型,日本,大陸
手機,員工,選手,保留,第屆,國民黨,節目,醫師,料理,球隊,學生,女子,攝影,view,男人,下來,網站,中信,網搜,相對,大陸,地球,英國,揮桿,策略,車款,旅遊,ettoday
科技,企業,訓練,一邊,飾演,民進黨,facebook,advertisements,小小,比賽,孩子,打開,照片,造型,shutterstock,下去,標示,兄弟,free,投資,台灣,為止,bbc,球桿,品牌,汽車,航空,微博
apple,主管,冠軍,藝術,演出,立委,粉絲,治療,餐廳,防守,教育,性侵,鏡頭,日本,不可,ios,條文,大聯盟,網友,美元,川普,動物,中共,桿面,設計,車輛,飯店,女友
蘋果,老闆,賽事,文化,導演,選舉,音樂,食物,咖啡,交易,女性,毒品,影像,顏色,女人,主播,推廣,etnews,via,億美,美國,牠們,源,木桿,消費者,led,相對,媽媽
cnews,薪資,電競,台南,演員,政府,專輯,正確,data,教練,老師,性騷擾,iso,姊妹淘,打開,地說,分級,先發,爆紅,指數,經濟,特徵,flickr,高爾夫,進一步,引擎,觀光,懷疑
螢幕,下去,世大運,社區,動畫,市長,將於月,身體,食材,籃板,婚姻,詐騙,光圈,頭髮,全身,臉書,各該,lamigo,po文,營收,總統,太空,香港,桿頭,產業,系統,旅客,老公
facebook,團隊,英雄,建築,影展,日本,演唱會,懷孕,首爾,騎士,大學,員警,快門,髮型,性愛,time,限制級,大賽,did,貨幣,主義,海洋,source,鐵桿,銀行,toyota,機場,女兒
匯流,不可,隊伍,捷運,漫畫,高雄,love,患者,客人,kevin,同志,溫斯坦,畫面,保濕,在乎,後天,首頁,職棒,games,台幣,兩岸,生物,家,開球,市場,安全,行程,結婚
用戶,轉變,能源,景點,入圍,西班牙,出道,症狀,海鮮,twitter,主義,專線,canon,衣服,男友,表演,第三款,太空人,themes,台積電,北韓,火星,一,相反,金融,車主,酒店,兒子
plus,職場,戰隊,遊客,主角,行政院,預告,身心,甜點,勇士,性別,警察,對焦,不見,tag,道歉,第六條,球團,女優,角色,習近平,行星,人,果嶺,時尚,bmw,部落,地說
三星,報告,聯盟,公園,觀眾,勞工,歌迷,飲食,好吃,中華,學校,高雄市,nikon,style,做愛,submitted,需滿,安打,公社,央行,南韓,宇宙,展,nike,城市,全新,乘客,老婆
智慧,管理,skt,拍照,台東,修法,man,醫療,美食,聯盟,父母,父親,攝影師,週年慶,不行,音樂會,方可,中華,want,新台幣,國家,外星人,caption,下桿,客戶,honda,泰國,婚禮
智慧型手機,領導,金牌,台北,etnews,新北,男孩,手術,套餐,賽季,男性,派出所,自動,萬聖節,默默,老人,婦女,生涯,a片,暴雪,空軍,生命,美,上桿,產品,動力,東京,男友
usb,薪水,手段,彩繪,金曲獎,國慶,成員,攝取,飲料,助攻,小孩,法院,模式,穿搭,天前,imgur,丈夫,棒球,wordpress,鬥陣,gdp,區域,新,推桿,平台,suv,交通部,離婚
電信,同事,中路,園區,公視,市府,生日,醫院,巧克力,籃球,fusionmedium,大火,打開,秋冬,女生,試辦,運動,球迷,女網友,股價,蔡英文,合併,行,球友,數據,機車,優惠,交往
以外,溝通,決賽,桃園市,紀錄片,宜蘭,jessica,檢查,店家,paul,學習,強暴,自拍,外套,男生,病房,阿嬤,中職,推特,特攻,香港,亞馬遜,reuters,動作,設計師,車廠,京都,多年
技術,面試,小組賽,博物館,貼文,加泰隆尼亞,少年團,疾病,火鍋,湖人,家長,監獄,sony,面膜,女孩,瀑布,印度,mlb,身材,第季,john,適用,大,第名,創新,自行車,三天,年來
ios,your,rng,地圖,新片,預算,防彈,脂肪,主廚,lebron,家庭,南投,eos,bella,說過,why,記者會,勝敗,xdd,股市,政策,物種,相對,擊球區,廣告,公里,飛機,母親
